affinity,F,A,M
ca,0.730982,8.69,0.01
ca,0.800822,7.14,0.03
ca,1.5,6.54,0.06
ca,1.35,7.38,0.06
ca,1.38,6.35,0.08
ca,2.13,9.54,0.08
ca,1.33,7.28,0.09
ca,1.6,6.97,0.1
ca,1.4,6.46,0.11
ca,1.55,6.52,0.11
ca,1.59,6.51,0.13
ca,1.39,5.79,0.15
ca,1.13,6.38,0.15
ca,3,7.24,0.16
ca,1.66,5.88,0.18
ca,1.53,6.03,0.19
ca,2,8.5,0.2
ca,1.6,6.56,0.2
ca,3.45,6.89,0.2
ca,1.8,6.76,0.22
ca,2.29,6.39,0.23
ca,1.223728,8.29,0.23
ca,1.69,5.29,0.24
ca,1.77,6.86,0.24
ca,1.277716,8.04,0.24
ca,1.421684,8.1,0.25
ca,1.47,6.91,0.25
ca,1.8,6.2,0.26
ca,1.59,6.44,0.27
ca,2.59,6.53,0.27
ca,1.313708,7.96,0.27
ca,1.55,6.09,0.28
ca,1.025932,7.5,0.28
ca,1.38,5.55,0.29
ca,2.04,6.77,0.29
ca,1.8,6.72,0.29
ca,1.65,7.46,0.3
ca,1.98,6.77,0.31
ca,1.19,6.97,0.31
ca,2.33,6.07,0.32
ca,1.52966,7.76,0.32
ca,1.9,6.97,0.35
ca,1.25,6.98,0.35
ca,1.36,6.97,0.35
ca,1.84459,8.22,0.38
ca,2.18,6.91,0.4
ca,2.47445,7.91,0.4
ca,2.6,6.42,0.41
ca,1.763608,8.08,0.41
ca,1.42,6.89,0.42
ca,1.46,6.44,0.43
ca,2.73,7.37,0.44
ca,3.12,6.82,0.44
ca,2.213508,7.53,0.44
ca,1.82,7.35,0.44
ca,1.63,6.52,0.45
ca,2.26,7.89,0.47
ca,2.4,6.49,0.49
ca,2.24,6.8,0.49
ca,1.196734,6.27,0.49
ca,2.132526,7.69,0.49
ca,2,3.27,0.5
ca,2.06,3.24,0.5
ca,1.64,6.72,0.51
ca,2.43,6.93,0.52
ca,1.79,6.24,0.53
ca,2.05,5.16,0.54
ca,2.41,6.72,0.54
ca,2.63,6.03,0.54
ca,1.7,6.31,0.54
ca,1.78,6.25,0.54
ca,2.118858,8.1,0.54
ca,2.168518,7.7,0.56
ca,2.51,7.12,0.56
ca,2.29,7.36,0.57
ca,1.547656,7.33,0.57
ca,2.240502,7.92,0.57
ca,2.17,6.19,0.58
ca,2.138858,8.14,0.58
ca,2.33,3.06,0.58
ca,2.35,6.05,0.61
ca,2.762386,6.81,0.61
ca,2.20451,7.84,0.62
ca,2.213508,7.51,0.62
ca,2.283848,7.76,0.63
ca,3.28,6.74,0.64
ca,3.03,6.19,0.66
ca,2.54,6.35,0.68
ca,2.780382,7.25,0.68
ca,2.41,4.49,0.69
ca,2.438838,8.03,0.7
ca,1.781604,7.47,0.7
ca,2.88481,7.97,0.71
ca,2.42946,7.38,0.71
ca,2.393468,7.61,0.71
ca,2.86,7.45,0.73
ca,2.68,5.91,0.76
ca,2.418838,7.91,0.76
ca,2.467836,7.89,0.76
ca,2.465452,7.46,0.77
ca,2.447456,7.54,0.77
ca,2.670822,7.67,0.78
ca,2.55483,7.68,0.78
ca,3.446234,5.54,0.78
ca,2.525832,7.83,0.79
ca,2.645412,7.2,0.79
ca,5.4,5.8,0.8
ca,2.54483,7.45,0.8
ca,2.525832,7.89,0.83
ca,3.44,6.01,0.84
ca,3.1493,6.54,0.85
ca,1.95,7.33,0.87
ca,2.602726,6.93,0.87
ca,1.99,7.07,0.88
ca,3.73,6.45,0.89
ca,3.11,5.61,0.89
ca,3.19,6.43,0.89
ca,3.43984,3.79,0.89
ca,5.21884,13.1,0.9
ca,3.115792,7.27,0.9
ca,2.951344,7.83,0.9
ca,3.49,6.28,0.91
ca,2.690402,7.13,0.96
ca,2.16,5.71,0.99
ca,3.67,6.62,0.99
ca,2.19,7.29,1
ca,3.1,7.49,1.01
ca,3.356254,6.55,1.02
ca,3.050322,7.16,1.02
ca,3.04,6.02,1.04
ca,3.095312,6.97,1.04
ca,2.96934,7.34,1.09
ca,3.266274,6.95,1.1
ca,2.63,7.49,1.11
ca,3.653188,7.47,1.11
ca,3.356254,6.88,1.12
ca,3.095312,6.35,1.13
ca,2.71,4.52,1.14
ca,2.33948,6.35,1.18
ca,2.53,6.93,1.19
ca,2.43,7.06,1.2
ca,3.46,4.83,1.2
ca,3.167296,7.33,1.21
ca,2.56,6.92,1.22
ca,3.72,6.47,1.22
ca,3.3,5.27,1.23
ca,3.41,6.22,1.25
ca,2.81,5.53,1.25
ca,3.33,5.79,1.25
ca,3.842146,6.99,1.26
ca,2.64,6.93,1.28
ca,2.95968,6.63,1.31
ca,3.83,5.95,1.32
ca,3.97,5.85,1.33
ca,4.455792,6.14,1.34
ca,2.43,7.05,1.35
ca,5.16,2.22,1.35
ca,3.47,10.94,1.37
ca,5.1,8.02,1.37
ca,3.23928,6.51,1.42
ca,4.03,5.7,1.44
ca,3.24,5.9,1.46
ca,3.527216,6.1,1.47
ca,3.85,6.46,1.49
ca,3.3,5.84,1.49
ca,2.942346,6.58,1.49
ca,4.41,4.43,1.52
ca,3.44477,7.12,1.54
ca,3.743168,6.06,1.54
ca,2.93,6.89,1.56
ca,5.5,2.07,1.57
ca,3.29,5.59,1.58
ca,3.383248,6.09,1.58
ca,3.25,6.89,1.66
ca,6.1,2.03,1.66
ca,3.53,5.83,1.67
ca,3,6.76,1.67
ca,4.077616,6.48,1.69
ca,3.91,6.17,1.7
ca,5.08,6.22,1.73
ca,5.08,6.22,1.73
ca,2.543708,7.02,1.74
ca,3.1,5.65,1.74
ca,3.33,6.51,1.77
ca,5.32,2.2,1.77
ca,3.96,5.76,1.8
ca,4.22,6.37,1.8
ca,5.93,1.95,1.8
ca,3.9,5.96,1.81
ca,4.66,5.86,1.82
ca,4.01,5.83,1.83
ca,3.76,5.96,1.83
ca,3.51,5.56,1.83
ca,6.28,1.91,1.85
ca,4.09,6.29,1.87
ca,3.84,5.98,1.87
ca,4.525994,6,1.88
ca,4.11,5.94,1.89
ca,8.26,6.07,1.89
ca,5.21,7.58,1.9
ca,2.87,5.4,1.9
ca,3.18,6.25,1.92
ca,4.22,5.69,1.97
ca,4.17,6.34,1.99
ca,6.41,1.84,1.99
ca,3.86914,6.11,2.05
ca,4.47,6.21,2.08
ca,4.37,5.75,2.11
ca,4.38,5.87,2.14
ca,4.4,5.84,2.16
ca,4.61,5.72,2.19
ca,4.6,5.81,2.2
ca,9.46,5.94,2.2
ca,9.45,5.93,2.2
ca,4.22906,5.63,2.2
ca,4.7,6.1,2.21
ca,5.500742,5.6,2.21
ca,3.587696,6.02,2.22
ca,4.63,5.73,2.23
ca,5.873608,6.41,2.25
ca,4.886674,6.69,2.26
ca,4.55,5.69,2.27
ca,4.73,6.41,2.27
ca,4.55,5.74,2.29
ca,4.68,5.74,2.29
ca,4.66,5.73,2.29
ca,5.68,6.26,2.3
ca,4.72,5.7,2.31
ca,5.9,6.48,2.32
ca,6.038598,6.52,2.33
ca,4.14,6.27,2.34
ca,4.831926,7.11,2.39
ca,3.74,6.16,2.43
ca,5.30882,6.71,2.45
ca,4.257716,6.44,2.47
ca,5.50942,5.6,2.5
ca,4.8,5.88,2.51
ca,6.07,6.69,2.51
ca,5.02,6,2.55
ca,4.07,5.84,2.56
ca,5.31,6.07,2.62
ca,5.26,5.86,2.62
ca,6.61,7.18,2.62
ca,6.61,7.15,2.63
ca,4.7,5.94,2.64
ca,6.657556,5.79,2.65
ca,4.35471,6.2,2.65
ca,6.19,6.52,2.65
ca,4.40902,5.36,2.7
ca,5.393748,5.09,2.76
ca,4,4.77,2.77
ca,5.569762,5.52,2.77
ca,5.047878,5.52,2.77
ca,6.757498,5.78,2.78
ca,4.460702,6.04,2.79
ca,4.77,6.09,2.8
ca,7.11924,6.9,2.8
ca,5.77,6.15,2.82
ca,6.56,6.6,2.83
ca,4.642968,5.3,2.83
ca,6.01,6.59,2.85
ca,5.425794,5.55,2.87
ca,6.667796,5.27,2.88
ca,5.99,6.32,2.88
ca,6.43357,5.71,2.89
ca,4.886674,5.87,2.92
ca,6.61,6.16,2.92
ca,6.63,6.57,2.94
ca,6.56,6.43,2.95
ca,6.67,6.49,2.96
ca,6.77,6.71,3
ca,6.74,6.29,3.01
ca,6.79,6.31,3.06
ca,6.58,6.64,3.06
ca,4.907676,6.04,3.08
ca,6.63,6.18,3.1
ca,6.82,6.53,3.11
ca,7.377776,5.22,3.12
ca,6.69,6.28,3.12
ca,6.83,6.24,3.13
ca,6.16363,5.35,3.17
ca,6.76,6.31,3.21
ca,4.90391,5.65,3.26
ca,6.93,6.16,3.27
ca,6.820484,4.94,3.3
ca,5.7,5.09,3.32
ca,7.711286,5.09,3.32
ca,5.776716,4.94,3.33
ca,5.362808,5.39,3.35
ca,5.0996,5.4,3.4
ca,5.3994,5.3,3.4
ca,6.9,5.17,3.42
ca,7.02,5.49,3.42
ca,4.84,5.47,3.43
ca,4.64,4.89,3.43
ca,6.82,5.9,3.44
ca,6.5,5.36,3.49
ca,4.98,5.73,3.49
ca,7.1,5.6,3.5
ca,5.614752,5.2,3.52
ca,2.530742,6.7,3.56
ca,5.87,6.08,3.57
ca,6.99,5.73,3.58
ca,6.172628,4.8,3.58
ca,11.53788,4.9,3.6
ca,6.9,5.65,3.6
ca,5.61,5.78,3.62
ca,5.573628,6.22,3.64
ca,4.98,5.74,3.64
ca,10.52,4.69,3.66
ca,3.02459,6.51,3.67
ca,5.875694,5.32,3.67
ca,4.983668,5.46,3.68
ca,5.335814,5.27,3.68
ca,5.191846,5.08,3.68
ca,7.21,5.9,3.7
ca,6.41,5.47,3.71
ca,2.877396,6.76,3.72
ca,6.43,5.36,3.72
ca,7.279382,4.82,3.73
ca,7.09,5.82,3.77
ca,7.29,5.8,3.77
ca,6.49,5.38,3.79
ca,5.71373,4.99,3.79
ca,5.7,5.15,3.8
ca,7.4,5.08,3.81
ca,7.92,5.31,3.83
ca,6.001666,4.99,3.83
ca,5.75872,5.1,3.86
ca,5.792806,4.86,3.88
ca,6.9,5.6,3.9
ca,5.85952,4.79,3.9
ca,5.53463,5.37,3.91
ca,5.98367,5.41,3.91
ca,6.58,5.26,3.92
ca,6.350642,5.59,3.96
ca,6.638558,4.77,3.97
ca,5.28,4.75,3.97
ca,5.8,5.8,4
ca,12.89,6.68,4
ca,8.38898,4.6,4
ca,6.676554,6,4
ca,4.82,4.75,4.01
ca,6.6,5.41,4.05
ca,7.06343,5.78,4.06
ca,6.0596,5.04,4.07
ca,8,5.65,4.1
ca,7.4,5.55,4.1
ca,6.2497,4.9,4.1
ca,4.19,5.27,4.11
ca,5.657736,4.68,4.12
ca,8.33,1.03,4.12
ca,8.23,0.98,4.14
ca,8.26,1.16,4.14
ca,5.32,5.4,4.16
ca,6.3,5.72,4.16
ca,5.4,5.9,4.2
ca,9.47916,5.7,4.2
ca,4.22,2.46,4.21
ca,8.24,5.85,4.22
ca,6.757498,4.64,4.22
ca,6.442568,4.81,4.22
ca,7.56,5.67,4.24
ca,8.29,5.59,4.26
ca,6.199622,5.01,4.26
ca,6.235614,4.82,4.27
ca,10.775672,6.1,4.28
ca,7.6,5.44,4.28
ca,6.2986,4.69,4.28
ca,5.16,5.94,4.29
ca,6.352588,4.89,4.29
ca,6.38858,5.11,4.3
ca,6.79,4.15,4.31
ca,6.76,5.53,4.34
ca,5.97,4.46,4.37
ca,5.91,4.74,4.37
ca,6.379582,5,4.38
ca,9.75,0.44,4.39
ca,6.325594,4.19,4.4
ca,5.890802,5.1,4.41
ca,7.459342,4.89,4.44
ca,8.64,5.46,4.46
ca,7.596494,4.56,4.52
ca,5.15,5.19,4.54
ca,4.22,5.75,4.66
ca,10.07776,8.5,4.7
ca,7.7,5.39,4.7
ca,9.18,3.56,4.72
ca,7.09956,5.66,4.75
ca,8.206176,4.98,4.78
ca,5.9,4.85,4.8
ca,6.89,5.34,4.82
ca,9.39,3.55,4.84
ca,7.28838,4.38,4.88
ca,6.6,5.55,4.9
ca,6.57978,4.79,4.91
ca,12.02,1.45,4.93
ca,2.771384,6.38,5
ca,6.1,5,5
ca,5.05,5,5.01
ca,7.67,3.48,5.08
ca,13.58878,3.33,5.1
ca,6.34,4.58,5.12
ca,6.56978,4.43,5.12
ca,7.036436,4.31,5.13
ca,9.4,5.29,5.15
ca,10.13,4.56,5.16
ca,6.3,4.55,5.2
ca,9.52,5.2,5.2
ca,7.900244,4.83,5.21
ca,10.3,3.66,5.32
ca,13.05,3.91,5.33
ca,6.84,4.96,5.4
ca,7.531326,5.02,5.41
ca,8.21,5.25,5.45
ca,8.22,5.26,5.46
ca,9.03,5.12,5.48
ca,7.5,4.25,5.5
ca,7.43948,4.7,5.5
ca,13.81,4.35,5.54
ca,8.71,8.41,5.57
ca,8.7,4.8,5.6
ca,7.7,4.65,5.6
ca,7.9,4.9,5.6
ca,8.51884,4.09,5.6
ca,10.57,4.48,5.64
ca,7.756276,4.31,5.64
ca,10.46,4.66,5.66
ca,7.6,4.6,5.7
ca,9.22,5.03,5.74
ca,7.36,4.49,5.75
ca,7.045434,4.79,5.76
ca,10.06,4.51,5.78
ca,10.97,6.45,5.8
ca,9.99,4.35,5.85
ca,9.65,5.03,5.88
ca,9.2,4.93,5.9
ca,8.07,3.67,5.95
ca,8.86,4.84,5.97
ca,11.4491,3.55,6
ca,7.2,5.05,6
ca,7.65,6.37,6.02
ca,5.55,4.75,6.04
ca,5.18,4.42,6.04
ca,9.80782,2.52,6.05
ca,10.55,6.13,6.06
ca,8.89,4.9,6.07
ca,9.54,4.25,6.14
ca,9.59,4.27,6.17
ca,10.05,5.19,6.17
ca,8.59309,2.76,6.17
ca,7.792666,4.36,6.17
ca,8.53,5.41,6.19
ca,9.81,4.36,6.24
ca,10.443068,6.424,6.28
ca,8.09,3.53,6.29
ca,6,4.27,6.3
ca,9.13,5.05,6.32
ca,5.23,4.26,6.43
ca,7.402506,4.55,6.45
ca,8.79,4.12,6.46
ca,9.80782,2.48,6.47
ca,12.53,4.47,6.48
ca,10.59,3.58,6.5
ca,8.01,3.69,6.5
ca,9.39,4.59,6.54
ca,11.06,3.8,6.56
ca,11.67,4.21,6.57
ca,11.69,4.22,6.58
ca,7.88,3.77,6.58
ca,8.3,4.35,6.6
ca,10.12,5.19,6.61
ca,10.14,5.2,6.62
ca,11.12,5.14,6.67
ca,11.14,5.15,6.68
ca,8.94,4.86,6.73
ca,8.611086,4.02,6.73
ca,10.53,5.24,6.83
ca,7.76,5.55,6.83
ca,8.051464,4.46,6.85
ca,5.21,4.66,6.86
ca,12.47962,3,6.87
ca,6.43,3.47,6.87
ca,11.99,3.98,6.88
ca,7.23471,3.91,6.88
ca,10.3477,3.58,6.91
ca,5.1,4.64,6.95
ca,13.17,3.25,6.96
ca,9.37,5.17,7
ca,9.3,3.89,7.04
ca,11.03,3.68,7.11
ca,9.35,4.97,7.12
ca,10.12,5.15,7.16
ca,5.35,4.94,7.19
ca,7.93,4.41,7.22
ca,5.267816,4.23,7.23
ca,6.237776,4.77,7.23
ca,9.27,5.37,7.24
ca,4.87,4.93,7.28
ca,6.470762,4.85,7.28
ca,9.71784,3.35,7.3
ca,10.15469,4.22,7.35
ca,9.2,4.35,7.4
ca,10.41,4.12,7.4
ca,8.492786,3.9,7.4
ca,9.80782,2.9,7.43
ca,9.35792,2.22,7.43
ca,10.2,2.47,7.44
ca,6.88,3.8,7.49
ca,9.18,4.94,7.49
ca,9.48,4.86,7.5
ca,8.43,3.23,7.53
ca,5.62,4.05,7.57
ca,5.62,4.05,7.57
ca,9.7,3.55,7.6
ca,9.3,3.8,7.6
ca,8.42,2.23,7.61
ca,8.04,3.02,7.63
ca,7.5,3.7,7.65
ca,9.3,3.95,7.7
ca,8.75,4.41,7.72
ca,6.31,4.1,7.73
ca,6.31,4.1,7.73
ca,6.31,4.1,7.73
ca,9.3,3.82,7.74
ca,10.3477,2.05,7.78
ca,8.2,4.25,7.79
ca,7.110762,4.26,7.8
ca,5.03892,4.67,7.82
ca,8.35,4.79,7.86
ca,9.28,5.01,7.87
ca,9.27,4.54,7.87
ca,10.69,3.37,7.89
ca,9.5,4.3,7.9
ca,8.08,4.56,7.92
ca,10.23,5.17,7.94
ca,9.58,4.88,7.95
ca,6.76,3.8,7.99
ca,9.26,5.2,7.99
ca,10.5,3.16,8
ca,12.1,3.7,8
ca,10.365696,4.19,8.01
ca,8.45,4.16,8.05
ca,8.45,4.16,8.05
ca,13.38,3.98,8.06
ca,9.53788,4.45,8.06
ca,10.203732,4.59,8.07
ca,6.8,4.45,8.1
ca,9.48,5.39,8.1
ca,9.47,5.06,8.11
ca,9.74,4.8,8.11
ca,10.203732,4.29,8.13
ca,8.36,4.23,8.15
ca,7.28,3.01,8.15
ca,8.251166,4.38,8.19
ca,9.3,4.1,8.2
ca,8.359142,4.36,8.22
ca,7.67,2.8,8.24
ca,10.5,3.2,8.3
ca,9.150966,4.82,8.3
ca,6.95,3.87,8.33
ca,8.35,3.14,8.34
ca,8.521106,4.33,8.36
ca,10.98,3.45,8.37
ca,9.609864,4.47,8.37
ca,10.6,3.6,8.4
ca,7.36,5.36,8.41
ca,10.45,4.66,8.41
ca,8.79,4.68,8.43
ca,8.43,3.67,8.43
ca,8.43,3.67,8.43
ca,6.05,3.86,8.44
ca,8.476116,4.06,8.48
ca,7.189402,5.1,8.54
ca,8.2,1.91,8.58
ca,9.82,3.58,8.59
ca,9.9,3.67,8.59
ca,10,4.05,8.6
ca,6.7,4.13,8.63
ca,7.486336,4.86,8.64
ca,9.067756,3.02,8.64
ca,9.67,3.35,8.65
ca,9.59,4.19,8.68
ca,9.05972,3,8.7
ca,10.7,3.45,8.7
ca,9.53,2.4,8.78
ca,8.44,4.93,8.81
ca,8.86303,4.1,8.83
ca,7.4,3.93,8.85
ca,8.92,3.61,8.86
ca,8.6,4.86,8.86
ca,9.17,4.55,8.89
ca,9.9,3.75,8.9
ca,7.61,4.18,8.91
ca,7.61,4.18,8.91
ca,9.02,4.71,8.94
ca,8.76974,2.6,9
ca,9.1,4.1,9
ca,10.986558,3.47,9.03
ca,7.69329,4.78,9.05
ca,8.00822,4.64,9.07
ca,7.38,3,9.09
ca,7.38,3,9.09
ca,9.4,3.85,9.1
ca,8.26,3.68,9.11
ca,7.33,3.18,9.2
ca,7.33,3.18,9.2
ca,7.33,3.18,9.2
ca,8.800044,3.92,9.23
ca,10.82467,5.36,9.31
ca,9.54,2.27,9.33
ca,9.7,4,9.4
ca,7.04453,4.41,9.52
ca,8.422128,3.84,9.57
ca,11.228658,5.38,9.67
ca,9.141968,3.44,9.94
ca,7.83,2.78,9.97
ca,8.7,4.4,10.2
ca,6.67,3.44,10.2
ca,9.113628,2.44,10.36
ca,8.81,3.21,10.46
ca,7.99,4.18,10.52
ca,7.99,4.18,10.52
ca,11.425652,4.59,10.53
ca,8.28,3.95,10.67
ca,7.54,2.87,11.06
ca,8.37,2.77,11.1
ca,11.967636,3.72,11.12
ca,12.16463,4.14,11.34
ca,8.186454,2.81,16.8
th,3.74,8.64,0.01
th,3.38,8.87,0.01
th,1.57,7.7,0.01
th,3.41,8.8,0.02
th,3.35,8.88,0.02
th,3.37,8.83,0.02
th,3.38,8.88,0.02
th,1.56,7.7,0.02
th,1.57,7.7,0.02
th,1.56,7.69,0.02
th,3.84,8.68,0.03
th,3.32,8.87,0.03
th,3.06,9.88,0.03
th,1.57,7.68,0.03
th,1.43,7.7,0.03
th,3.85,8.67,0.04
th,3.83,8.65,0.04
th,3.8,8.83,0.04
th,3.93,8.7,0.05
th,3.91,8.64,0.06
th,3.85,8.79,0.06
th,3.74,8.61,0.06
th,3.73,8.72,0.07
th,4.55,9.44,0.07
th,1.44,7.65,0.07
th,1.59,7.57,0.07
th,1.57,7.58,0.07
th,2.51944,9.13,0.08
th,2.470602,8.56,0.08
th,5.79,7.91,0.08
th,2.3,7.56501,0.08205
th,3.77,8.3,0.09
th,3.97,8.53,0.09
th,3.10431,9.29,0.09
th,4.34,10.1,0.09
th,3.53,7.54,0.09
th,3.507876,9.43,0.1
th,2.5998,7,0.1
th,3.59,7.56,0.1
th,3.61,7.43,0.11
th,2.84,6.75,0.12
th,4.83,7.18,0.13
th,3.21,7.29,0.13
th,2.603868,8.72,0.13
th,3.42,7.88,0.14
th,2.283868,9.89,0.15
th,3.72,7.06,0.15
th,4.27,8.4,0.16
th,2.186514,9.02,0.16
th,2.881404,11.65,0.17
th,3.94,6.31,0.18
th,3.71,7.77,0.19
th,2.510762,5.9,0.19
th,2.645812,9.83,0.21
th,2.85,6.77,0.21
th,2.6,6.89,0.22
th,1.950822,8.82,0.23
th,2.53,7.12,0.24
th,2.67,6.12,0.24
th,3.91,7.17229,0.24575
th,4.62,7.79,0.25
th,2.59,6.89,0.25
th,2.59,6.89,0.25
th,4.1,7.14902,0.2503
th,4.09,7.16228,0.25746
th,2.6,6.87,0.28
th,3.076754,9.79,0.29
th,2.546434,8.92,0.29
th,3.01,9.82,0.3
th,2.492446,8.82,0.3
th,4.25,7.09895,0.30351
th,7.513708,6.69,0.33
th,3.03,9.89,0.34
th,7.14,6.16,0.35
th,3.75,6.59,0.36
th,8.956614,6.32,0.57
th,6.38,6.71,0.57
th,4.64,6.15,0.6
th,5.82,7.53,0.63
th,7.68,6.52,0.64
th,5.755292,6.21,0.66
th,8.17,6.17,0.67
th,8.42,6.75,0.68
th,7.977076,7.34,0.7
th,4.951604,9.03,0.7
th,4.01,5.31,0.71
th,4.56,7.01,0.73
th,5.160964,9.89,0.8
th,7.829,6.78,0.8
th,7.813708,6.41,0.85
th,7.807376,6.63,0.91
th,8.027656,8.54,0.93
th,9.395572,6.37,0.98
th,8.297596,6.43,0.98
th,4.57,5.84,1.04
th,9.895934,6.51,1.07
th,5.151424,5.83,1.09
th,5.03,6.55,1.18
th,9.07,6.31,1.25
th,13.28,5.06,1.26
th,5.23469,6.77,1.29
th,7.721784,5.48,1.35
th,5.88,5.58627830496706,1.35760948076721
th,5.89,5.55339807108438,1.36741962554339
th,6.24,4.67,1.37
th,5.94,5.48358874160729,1.37412633260425
th,6.862946,6.71,1.38
th,5.89,5.5579340461736,1.38002446936521
th,5.92,5.53098981507439,1.38771778969156
th,6.38,5.97,1.39
th,5.91,5.52285871294651,1.39335903962827
th,5.94,5.51523334059199,1.39944694503389
th,5.99,5.54638412650609,1.41155276365724
th,5.97,5.54786439493689,1.41388779870965
th,8.335852,6.46,1.42
th,3.2,5.59,1.42
th,6.02,5.41271738978316,1.42570203791618
th,6.06,5.54128417132625,1.44581322839007
th,6.08,5.47291306389279,1.44599391827928
th,6.06,5.48548834845977,1.44685360253653
th,6.1,5.537,1.452
th,6.07,5.47907950465063,1.4531861474796
th,6.09,5.49135232499241,1.45485437482548
th,6.1,5.49874188237479,1.46566827027494
th,9.821624,5.95,1.5
th,6.019662,5.75,1.52
th,9.24,6.20922,1.57307
th,6.41,6.28,1.67
th,6.11,5.84,1.68
th,7.06447,8.14,1.71
th,7.808538,5.88,1.73
th,8.937656,6.12,1.77
th,9.71,5.99,1.82
th,10.257536,5.46,1.88
th,7.55,6.01,1.88
th,6.84,6.18,1.88
th,5.34,7.06,1.99
th,11.341604,5.5,2
th,8.89465,6.87,2.02
th,10.69429,5.15,2.05
th,6.87,5.22,2.07
th,9.88,5.68,2.08
th,6.34467,7.76,2.1
th,10.44,5.7,2.13
th,5.396754,7.3,2.13
th,9.94,5.68,2.14
th,9.92,5.68609,2.15691
th,9.95,5.68575,2.17491
th,8.41,5.33,2.22
th,11.171266,5.28,2.25
th,10.42,5.57,2.28
th,11.362106,5.23,2.3
th,10.7,5.59,2.35
th,9.83,5.19,2.38
th,10.73,5.54,2.38
th,7.08942,6.15,2.4
th,8.48,4.91,2.45
th,10.19,5.31,2.52
th,11.09,5.37,2.54
th,9.45,5.31,2.54
th,11.3,5.46417,2.57627
th,14.76,4.32,2.62
th,11.31,5.32,2.63
th,11.21,5.28,2.64
th,11.45,4.61,2.64
th,11.35,5.36906,2.68478
th,13.31,3.63,2.69
th,11.406354,5.34,2.71
th,11.36,5.22,2.72
th,11.985652,5.46,2.73
th,11.39,5.32,2.73
th,11.44,5.29824,2.73585
th,11.42,5.29,2.75
th,11.121584,5.58,2.75
th,11.41,5.28,2.76
th,11.05417,5.45,2.76
th,11.52,5.29,2.77
th,10.79,4.99,2.78
th,11.01944,5.3,2.8
th,11.6,5.26,2.8
th,11.9,4.96,2.8
th,11.62,4.61,2.82
th,14.76,4.32,2.84
th,11.63,5.18,2.86
th,11.71,5.13202,2.86165
th,11.74,5.2052,2.86302
th,11.69,5.19,2.88
th,11.73,5.16,2.89
th,11.72,5.13,2.89
th,11.66,5.09,2.89
th,11.65,5.05,2.91
th,11.078218,4.98,2.91
th,11.85,5.219,2.923
th,14.67,4.19,2.93
th,11.74,5.1,2.93
th,11.94,5.11,2.94
th,11.74,5.1,2.95
th,11.74,5.18,2.95
th,11.93,5.18575,2.96938
th,14.85,4.07,2.97
th,12,5.51,2.97
th,11.89,5.14494,2.97644
th,11.83,5.09,2.98
th,11.87,5.12,3
th,10.8,4.68,3
th,11.9,5.07,3.01
th,12.16,5.12,3.01
th,12.075472,5.38,3.03
th,11.95,5.04,3.04
th,11.96,5.11,3.08
th,7.37,5.02,3.08
th,12.56,4.52,3.25
th,14.333814,4.94,3.27
th,13.135192,4.59,3.36
th,8.47948,6.68,3.56
th,12.811946,4.59,3.61
th,13.01,4.28,3.63
th,5.992746,5.98,3.67
th,14.31,3.96,3.69
th,14.058038,4.38,3.7
th,13.88,3.719,3.86
th,4.86485,7.26,3.86
th,6.49,4.71,3.88
th,11.303488,4.52,3.91
th,13.85327,4.67,3.94
th,13.36,3.3,3.97
th,13.471886,4,3.98
th,12.99,3.5,3.98
th,12.81,3.29,4.02
th,14.41,3.571,4.11
th,11.121746,5.05,4.13
th,11.36,4.675,4.13
th,11.62,3.62,4.3
th,13.98,3.31,4.32
th,12.31,4.22,4.33
th,14.027882,4.05,4.42
th,11.90964,4.93,4.42
th,16.11,4.57,4.43
th,14.85,3.61,4.47
th,11.378558,5.3,4.48
th,10.69,2.89,4.54
th,14.693734,3.95,4.56
th,14.17445,3.86,4.56
th,14.22,4.41,4.57
th,15.2,3.07,4.6
th,15.25,3.12,4.61
th,15.01,3.1,4.65
th,9.79,4.73,4.7
th,29.009606,3.46,4.71
th,28.88662,3.43,4.73
th,29.349566,3.47,4.75
th,12.77,4.5,4.75
th,16.047236,2.99,4.78
th,14.05,3.51,4.78
th,14.17,3.13,4.79
th,28.962612,3.4,4.8
th,15.730322,3.01,4.81
th,15.713328,2.98,4.82
th,14.31,3.64,4.84
th,14.66,3.58,4.91
th,10.22461,5.22,4.93
th,15.23,3.57,4.95
th,14.972672,3.62,4.96
th,13.71,3.54,4.96
th,15.02,3.01,5.01
th,13.59,3.41,5.03
th,13.94,3.49,5.05
th,12.938098,3.45,5.07
th,14.5,3.51,5.1
th,14.29,3.25,5.12
th,11.75,4.62,5.13
th,13.96407,3.44,5.18
th,13.96,3.15,5.2
th,6.44467,5.73,5.2
th,12.31,3.62,5.21
th,15.3,3.926,5.212
th,13.01,3.8,5.23
th,14.76,3.4,5.26
th,13.59,3.19,5.27
th,14.85,3.4,5.28
th,13.89,3.235,5.37
th,14.338278,3.48,5.43
th,15.22,4.38,5.49
th,13.34,2.81,5.49
th,13.43,3.07,5.5
th,15.43157,3.28,5.53
th,13.49,2.81,5.55
th,10.731624,4.34,5.56
th,14.14,2.8,5.71
th,15.37,3.268,5.75
th,11.50413,2.54,5.79
th,28.03672,2.83,5.82
th,13.5,3.16,5.87
th,8.49,3.58,5.87
th,27.488784,2.82,5.88
th,12.11,2.379,5.88
th,11.79,2.431,5.89
th,13.83,2.9,5.9
th,13.8,2.95,5.92
th,11.89,3.06235683253302,5.9326880068212
th,27.705758,2.79,5.94
th,10.86,3.03,6
th,11.497576,2.6,6.01
th,13.64,2.82,6.03
th,14.48,2.82,6.04
th,11.18,2.996,6.042
th,14.19,2.85,6.05
th,12.34,2.514,6.06
th,13.93,2.85,6.07
th,9.880382,2.11,6.08
th,12.87,2.826,6.1
th,12.81,3.157,6.11
th,13.5,3.32,6.12
th,9.83,3.02,6.12
th,14.41,2.81,6.13
th,13.64,2.85,6.13
th,13.55,2.85,6.14
th,13.64,2.85,6.14
th,13.79,2.83,6.15
th,13.62,2.88,6.2
th,13.69,2.83,6.21
th,14.13,2.449,6.21
th,13.9,2.88,6.27
th,12.2,3.14,6.29
th,9.39,2.83,6.42
th,11.737156,2.54,6.47
th,10.43,2.81,6.49
th,10.938138,2.35,6.51
th,12.59,2.87,6.65
th,11.2,2.97,6.68
th,12.8,2.81,6.71
th,11.19,2.44,6.72
th,12.7,2.73,6.79
th,11.27,2.81,6.8
th,12.88,2.46,6.85
th,10.52,2.72,6.89
th,10,2.608,6.89
th,10.59,3.05,6.9
th,10.25,2.86,6.9
th,10.64,2.76,7.01
th,11.6,2.73,7.04
th,12.061204,2.37,7.13
th,7.703388,1.96,7.18
th,9.38,2.56,7.21
th,12,2.77,7.21
th,10.52,2.05,7.24
th,10.5,2.64,7.25
th,9.06,2.62,7.29
th,11.58,2.255,7.29
th,11.9,2.55,7.3
th,12.91,2.33,7.31
th,10.87,2.42,7.31
th,11.59,2.56,7.33
th,9.05,2.66,7.4
th,11.3,2.44,7.41
th,12,2.49,7.42
th,11.34461,2.6,7.51
th,10.46,2.51,7.51
th,10.45,2.329,7.52
th,11.6,2.82,7.55
th,11.13,2.286,7.55
th,11.5,2.74,7.59
th,11.361684,2.37,7.59
th,11.361684,2.37,7.59
th,12.08,2.403,7.6
th,11.26,2.26,7.65
th,9.61,2.63,7.67
th,11.76,2.24,7.68
th,10.96,2.04218919027136,7.68518554381962
th,11.2,2.38,7.7
th,11.54,2.38,7.79
th,11.22,1.96943838441143,7.79064568841145
th,8.92,3.35,7.8
th,11.5,2.42,7.81
th,11.33,2.42,7.83
th,11.23,2.55,7.85
th,10.55936,5.97,7.85
th,11.41,1.84582153616852,7.85419962180876
th,10.82,2.4,7.89
th,11.07,1.96580989620619,7.92190563635542
th,11.28,2.41,7.96
th,10.77,1.81225367182309,7.97232209012004
th,10.116836,2.4,7.98
th,12.36,2.5,8.01
th,11.52,2.29,8.03
th,11.53,2.34,8.04
th,10.83,2.49,8.07
th,11.56,2.03497697357194,8.07665996664346
th,11.93,2.34,8.08
th,11.28,1.8321861215567,8.10809976373973
th,10.52,2.05,8.14
th,12.21,2.37,8.15
th,11.45,2.34,8.18
th,10.84,2.34,8.22
th,11.55,2.53,8.22
th,11.45,2.35,8.22
th,12.14,2.38,8.25
th,11.37,2.32,8.27
th,11.06,1.83288357047129,8.30447247832191
th,9.65,1.864,8.32
th,9.09,1.966,8.37
th,12,2.4,8.39
th,11.425512,2.36,8.4
th,11.36,2.27,8.44
th,11.62,2.52,8.45
th,8.89,2.06,8.46
th,10.328598,2.31,8.46
th,9.34463,2.02,8.46
th,9.46,2.16,8.46
th,11.085652,2.33,8.54
th,10.920482,2.49,8.69
th,10.920482,2.49,8.69
th,10.11,1.8379593426174,8.74522537859025
th,11.18,2.37,8.77
th,11.8,2.63,8.78
th,11.52,2.87,8.84
th,11.56469,2.2,8.85
th,11.85,2.91,8.9
th,10.441724,2.77,8.93
th,10.24,1.799,8.95
th,12.202486,2.19,8.98
th,12.9,2.75,9.17
th,9.96,1.831,9.19
th,10.832546,2.15,9.23
th,10.832546,2.15,9.23
th,11.12,2.22,9.25
th,11.44,2.3,9.27
th,10.587576,2.12,9.28
th,11.23,2.22,9.31
th,10.038538,1.83,9.33
th,10.046036,2.92,9.39
th,10.518698,2.17,9.39
th,11.52,2.61,9.47
th,10.73,2.52,9.55
th,10.656574,2.45,9.56
th,9.38461,2.06,9.58
th,9.73,1.71,9.61
th,10.54,1.99,9.62
th,9.79453,1.84,9.65
th,10.97,2.231,9.67
th,11.841564,2.36,9.68
th,12.578518,2.44,9.72
th,11.378578,2.15,9.73
th,11.378578,2.15,9.73
th,9.919062,2.91,9.74
th,10.64,2.17,9.74
th,12.122506,2.36,9.81
th,8.67477,1.83,9.81
th,9.897736,2.08,9.86
th,11.493628,2.39,9.9
th,9.937058,3.2,9.95
th,10.528942,3.06,9.97
th,10.347696,2.08,9.97
th,10.347696,2.08,9.97
th,10.4496,2.17,10.2
th,9.12,1.79,10.2
th,9.45,1.49,10.31
th,11.151624,2.17,10.42
th,11.151624,2.17,10.42
th,11.093588,1.99,10.48
th,10.38297,2.55,10.55
th,11.118518,2.23,10.97
th,10.986454,2.19,11.03
th,9.26,1.71,11.04
th,9.690622,1.86,11.28
th,11.33,2.42,11.6
th,9.3,1.54,11.76
th,9.74,1.81,11.78
th,9.38,1.68,11.86
th,9.44,1.65,12.34
th,9.14,1.57,12.85
th,9.12,1.66,12.93
th,9.19,1.48,13.07
th,9.32,1.57,13.21
